Enemy_Quantity,2
Wait,120
Number,1
POP,-6.709,7.30804,-117.891
Wait,120
Number,1
POP,22.045,7.30804,-117.891
