Enemy_Quantity,3
Wait,120
Number,1
POP,0,7.30804,-66.134
Wait,120
Number,1
POP,18.211,7.30804,-66.134
Wait,120
Number,1
POP,-39.297,7.30804,-129.393
