Enemy_Quantity,3
Wait,120
Number,1
POP,0,7.30804,-133.227
Wait,120
Number,1
POP,-18.211,7.30804,-133.227
Wait,120
Number,1
POP,12.46,7.30804,-133.227
