Wood_Quantity,7
POP,0,-12.3448,-132.203
POP,66.102,-12.1733,-132.203
POP,-30.508,-10.6801,-71.186
POP,-30.508,-11.7142,61.017
POP,15.254,-12.2652,61.017
POP,-122.034,-5.94888,61.017
POP,-122.034,-6.01079,10.169
