Wood_Quantity,11
POP,0,-9.55007,-27.119
POP,220.339,-9.15259,-27.119
POP,93.22,-8.7626,-244.068
POP,-42.373,-9.18116,-244.068
POP,0,-3.20685,-257.627
POP,0,-3.20685,-257.627
POP,262.712,-7.93966,-257.627
POP,254.237,-9.14212,-244.068
POP,152.542,-10.862,-244.068
POP,152.542,-10.1339,-366.102
POP,279.661,-8.04842,-366.102