Enemy_Quantity,2
Wait,120
Number,1
POP,-5.87073,-27.2779,2.20636
Wait,120
Number,1
POP,-4.89189,-27.8326,2.94153
