Wood_Quantity,9
POP,0,-6.81478,-66.298
POP,96.685,-8.01115,-66.298
POP,96.685,-5.85153,92.818
POP,-118.785,3.32664,92.818
POP,-118.785,2.52451,-225.414
POP,140.884,-8.87707,-225.414
POP,306.63,-5.4116,-225.414
POP,196.133,-6.58162,-48.619
POP,196.133,-6.9831,-340.332
