Wood_Quantity,14
POP,-58.011,-8.34211,-384.53
POP,-74.586,-12.0756,-181.215
POP,-196.133,-14.5359,-181.215
POP,13.812,24.2244,-181.215
POP,185.083,-18.0544,-393.37
POP,367.403,-15.8788,-393.37
POP,367.403,-18.1953,-225.414
POP,256.906,-16.9057,-225.414
POP,256.906,-9.60168,-101.657
POP,96.685,-10.4057,66.298
POP,135.359,-7.12477,4.42
POP,433.702,-11.2203,4.42
POP,450.276,-16.8701,-119.337
POP,267.956,-16.3739,-110.497
